"ID","Pre","Post","FollowUp"
"1",6.4921249480222,5.28305683968353,5.92793041631413
"2",4.42883876775587,5.94849927309983,5.18676727464644
"3",4.76785495932066,6.42958424298513,6.53730978980108
"4",5.91259263226624,7.00488670573564,6.19149597066748
"5",4.83599249239193,6.28339727673806,6.24046977364608
"6",5.62931144928529,5.69325810288803,5.90824710164055
"7",6.59721435127472,6.88864666575586,6.39485049000567
"8",6.03761288049282,7.08959051666105,6.70825862127682
