item,group1,vars,n,mean,sd,median,trimmed,mad,min,max,range,skew,kurtosis,se
1           ,Friends     ,1           ,98          ,59.02351    ,21.65024    ,57.9955     ,59.31306    ,23.67045    ,8.297       ,100         ,91.703      ,-0.0518848  ,-0.6252126  ,2.187005    
2           ,LittleMosque,1           ,95          ,73.92134    ,18.51082    ,74.4600     ,75.52858    ,15.98984    ,6.137       ,100         ,93.863      ,-0.9798189  , 1.6335325  ,1.899170    
