Effect,DFn,DFd,F,p,p<.05,ges
COND     ,1        ,191      ,13.149   ,0.000369 ,*        ,0.023000 
Wave     ,2        ,382      , 0.273   ,0.761000 ,         ,0.000933 
COND:Wave,2        ,382      , 5.008   ,0.007000 ,*        ,0.017000 
