Effect,DFn,DFd,SSn,SSd,F,p,p<.05,ges
(Intercept)   ,1             ,191           ,40911.756     ,133769.4      ,58.415        ,0.000000000001,*             ,0.096000      
COND          ,1             ,191           , 9209.127     ,133769.4      ,13.149        ,0.000369000000,*             ,0.023000      
Wave          ,2             ,382           ,  359.022     ,250761.1      , 0.273        ,0.761000000000,              ,0.000933      
COND:Wave     ,2             ,382           , 6574.365     ,250761.1      , 5.008        ,0.007000000000,*             ,0.017000      
