"","vars","n","mean","sd","median","trimmed","mad","min","max","range","skew","kurtosis","se"
"nAff",1,713,1.81466595944701,0.630945637907077,1.75095389590983,1.76431987824058,0.709363686113625,1,4,3,0.57507000295505,-0.175737098446442,0.023629099835538
"mAggr",2,713,2.48556306721643,2.20088153659395,2.16992490478096,2.2212559414745,2.41573835773877,0,10.4244677643101,10.4244677643101,0.926156640016034,0.575061685368668,0.082423661294937
"drProb",3,713,2.92090135419443,2.76900817480057,2.39648009502606,2.57985833078122,3.49378085268194,0,11.6889615076638,11.6889615076638,0.78330239795993,-0.168468286938836,0.103700171103203
