Wave,Effect,DFn,DFd,F,p,p<.05,ges,p.adj
Baseline ,COND     ,1        ,191      , 0.012   ,0.9140000,         ,0.0000614,1.0000000
Post1    ,COND     ,1        ,191      ,17.497   ,0.0000438,*        ,0.0840000,0.0001314
Post2    ,COND     ,1        ,191      , 5.994   ,0.0150000,*        ,0.0300000,0.0450000
