"0","quantile(df$nAff, probs=c(.10, .20, .30, .40, .50, .60, .70, .80, .90))"
"1","     10% "
"1","     20% "
"1","     30% "
"1","     40% "
"1","     50% "
"1","     60% "
"1","     70% "
"1","     80% "
"1","
"
"1","1.000000 "
"1","1.182154 "
"1","1.402778 "
"1","1.549423 "
"1","1.750954 "
"1","1.946013 "
"1","2.142151 "
"1","2.334597 "
"1","
"
"1","     90% "
"1","
"
"1","2.688985 "
"1","
"
