"0","quantile(df$nAff, probs=c(.10, .20, .30, .40, .50, .60, .70, .80, .90))"
"1","     10% "
"1","     20% "
"1","     30% "
"1","     40% "
"1","     50% "
"1","     60% "
"1","     70% "
"1","     80% "
"1","     90% "
"1","
"
"1","1.000000 "
"1","1.135590 "
"1","1.389595 "
"1","1.561860 "
"1","1.763883 "
"1","1.953822 "
"1","2.140531 "
"1","2.357103 "
"1","2.690172 "
"1","
"
